vendor,query_date,period_start,period_end,load_kwh,solar_pv_kwh,battery_kwh,grid_kwh,device_id
foxess,2025-10-02,2025-10-02T00:00:00,2025-10-02T00:30:00,0.0,0.0,0.0,0.0,foxess-sample-device
foxess,2025-10-02,2025-10-02T00:30:00,2025-10-02T01:00:00,0.0,0.0,0.0,0.0,foxess-sample-device
foxess,2025-10-02,2025-10-02T01:00:00,2025-10-02T01:30:00,0.082994,0.0,-0.097302,0.001859,foxess-sample-device
foxess,2025-10-02,2025-10-02T01:30:00,2025-10-02T02:00:00,0.110079,0.0,-0.125835,0.004237,foxess-sample-device
foxess,2025-10-02,2025-10-02T02:00:00,2025-10-02T02:30:00,0.132202,0.0,-0.150042,0.002346,foxess-sample-device
foxess,2025-10-02,2025-10-02T02:30:00,2025-10-02T03:00:00,0.136987,0.0,-0.155314,0.001827,foxess-sample-device
foxess,2025-10-02,2025-10-02T03:00:00,2025-10-02T03:30:00,0.143069,0.0,-0.160116,0.004126,foxess-sample-device
foxess,2025-10-02,2025-10-02T03:30:00,2025-10-02T04:00:00,0.117185,0.0,1.206082,1.385391,foxess-sample-device
foxess,2025-10-02,2025-10-02T04:00:00,2025-10-02T04:30:00,0.098052,0.0,0.123739,0.249424,foxess-sample-device
foxess,2025-10-02,2025-10-02T04:30:00,2025-10-02T05:00:00,0.121291,0.0,-0.138612,0.002917,foxess-sample-device
foxess,2025-10-02,2025-10-02T05:00:00,2025-10-02T05:30:00,0.114785,0.0,-0.133309,0.001667,foxess-sample-device
foxess,2025-10-02,2025-10-02T05:30:00,2025-10-02T06:00:00,0.122446,0.0,-0.139844,0.002738,foxess-sample-device
foxess,2025-10-02,2025-10-02T06:00:00,2025-10-02T06:30:00,0.223052,0.0,-0.238897,0.007589,foxess-sample-device
foxess,2025-10-02,2025-10-02T06:30:00,2025-10-02T07:00:00,0.133354,0.0,-0.149527,0.003654,foxess-sample-device
foxess,2025-10-02,2025-10-02T07:00:00,2025-10-02T07:30:00,0.236532,0.0,-0.255676,0.002514,foxess-sample-device
foxess,2025-10-02,2025-10-02T07:30:00,2025-10-02T08:00:00,0.146793,0.023695,-0.130993,-0.000128,foxess-sample-device
foxess,2025-10-02,2025-10-02T08:00:00,2025-10-02T08:30:00,0.150139,0.081804,-0.066667,0.002579,foxess-sample-device
foxess,2025-10-02,2025-10-02T08:30:00,2025-10-02T09:00:00,0.148344,0.097403,-0.053037,0.003345,foxess-sample-device
foxess,2025-10-02,2025-10-02T09:00:00,2025-10-02T09:30:00,0.0,0.0,0.0,0.0,foxess-sample-device
foxess,2025-10-02,2025-10-02T09:30:00,2025-10-02T10:00:00,0.0,0.0,0.0,0.0,foxess-sample-device
foxess,2025-10-02,2025-10-02T10:00:00,2025-10-02T10:30:00,0.0,0.0,0.0,0.0,foxess-sample-device
foxess,2025-10-02,2025-10-02T10:30:00,2025-10-02T11:00:00,0.0,0.0,0.0,0.0,foxess-sample-device
foxess,2025-10-02,2025-10-02T11:00:00,2025-10-02T11:30:00,0.0,0.0,0.0,0.0,foxess-sample-device
foxess,2025-10-02,2025-10-02T11:30:00,2025-10-02T12:00:00,0.0,0.0,0.0,0.0,foxess-sample-device
foxess,2025-10-02,2025-10-02T12:00:00,2025-10-02T12:30:00,0.0,0.0,0.0,0.0,foxess-sample-device
foxess,2025-10-02,2025-10-02T12:30:00,2025-10-02T13:00:00,0.0,0.0,0.0,0.0,foxess-sample-device
foxess,2025-10-02,2025-10-02T13:00:00,2025-10-02T13:30:00,0.0,0.0,0.0,0.0,foxess-sample-device
foxess,2025-10-02,2025-10-02T13:30:00,2025-10-02T14:00:00,0.0,0.0,0.0,0.0,foxess-sample-device
foxess,2025-10-02,2025-10-02T14:00:00,2025-10-02T14:30:00,0.0,0.0,0.0,0.0,foxess-sample-device
foxess,2025-10-02,2025-10-02T14:30:00,2025-10-02T15:00:00,0.0,0.0,0.0,0.0,foxess-sample-device
foxess,2025-10-02,2025-10-02T15:00:00,2025-10-02T15:30:00,0.0,0.0,0.0,0.0,foxess-sample-device
foxess,2025-10-02,2025-10-02T15:30:00,2025-10-02T16:00:00,0.0,0.0,0.0,0.0,foxess-sample-device
foxess,2025-10-02,2025-10-02T16:00:00,2025-10-02T16:30:00,0.0,0.0,0.0,0.0,foxess-sample-device
foxess,2025-10-02,2025-10-02T16:30:00,2025-10-02T17:00:00,0.0,0.0,0.0,0.0,foxess-sample-device
foxess,2025-10-02,2025-10-02T17:00:00,2025-10-02T17:30:00,0.0,0.0,0.0,0.0,foxess-sample-device
foxess,2025-10-02,2025-10-02T17:30:00,2025-10-02T18:00:00,0.0,0.0,0.0,0.0,foxess-sample-device
foxess,2025-10-02,2025-10-02T18:00:00,2025-10-02T18:30:00,0.0,0.0,0.0,0.0,foxess-sample-device
foxess,2025-10-02,2025-10-02T18:30:00,2025-10-02T19:00:00,0.0,0.0,0.0,0.0,foxess-sample-device
foxess,2025-10-02,2025-10-02T19:00:00,2025-10-02T19:30:00,0.0,0.0,0.0,0.0,foxess-sample-device
foxess,2025-10-02,2025-10-02T19:30:00,2025-10-02T20:00:00,0.0,0.0,0.0,0.0,foxess-sample-device
foxess,2025-10-02,2025-10-02T20:00:00,2025-10-02T20:30:00,0.0,0.0,0.0,0.0,foxess-sample-device
foxess,2025-10-02,2025-10-02T20:30:00,2025-10-02T21:00:00,0.0,0.0,0.0,0.0,foxess-sample-device
foxess,2025-10-02,2025-10-02T21:00:00,2025-10-02T21:30:00,0.0,0.0,0.0,0.0,foxess-sample-device
foxess,2025-10-02,2025-10-02T21:30:00,2025-10-02T22:00:00,0.0,0.0,0.0,0.0,foxess-sample-device
foxess,2025-10-02,2025-10-02T22:00:00,2025-10-02T22:30:00,0.0,0.0,0.0,0.0,foxess-sample-device
foxess,2025-10-02,2025-10-02T22:30:00,2025-10-02T23:00:00,0.0,0.0,0.0,0.0,foxess-sample-device
foxess,2025-10-02,2025-10-02T23:00:00,2025-10-02T23:30:00,0.0,0.0,0.0,0.0,foxess-sample-device
foxess,2025-10-02,2025-10-02T23:30:00,2025-10-03T00:00:00,0.0,0.0,0.0,0.0,foxess-sample-device
growatt,2025-09-23,2025-09-23T00:00:00,2025-09-23T00:30:00,0.09545,0.0,-0.178192,-0.082742,EGM7F5T043
growatt,2025-09-23,2025-09-23T00:30:00,2025-09-23T01:00:00,0.11,0.0,-0.194723,-0.084667,EGM7F5T043
growatt,2025-09-23,2025-09-23T01:00:00,2025-09-23T01:30:00,0.098317,0.0,-0.182677,-0.084333,EGM7F5T043
growatt,2025-09-23,2025-09-23T01:30:00,2025-09-23T02:00:00,0.083167,0.0,-0.167098,-0.083667,EGM7F5T043
growatt,2025-09-23,2025-09-23T02:00:00,2025-09-23T02:30:00,0.115175,0.0,-0.201927,-0.086617,EGM7F5T043
growatt,2025-09-23,2025-09-23T02:30:00,2025-09-23T03:00:00,0.139975,0.0,-0.230592,-0.089883,EGM7F5T043
growatt,2025-09-23,2025-09-23T03:00:00,2025-09-23T03:30:00,0.092842,0.0,-0.177922,-0.084667,EGM7F5T043
growatt,2025-09-23,2025-09-23T03:30:00,2025-09-23T04:00:00,0.098492,0.0,-0.181807,-0.083333,EGM7F5T043
growatt,2025-09-23,2025-09-23T04:00:00,2025-09-23T04:30:00,0.112975,0.0,-0.199642,-0.086667,EGM7F5T043
growatt,2025-09-23,2025-09-23T04:30:00,2025-09-23T05:00:00,0.095867,0.0,-0.18115,-0.085167,EGM7F5T043
growatt,2025-09-23,2025-09-23T05:00:00,2025-09-23T05:30:00,0.084475,0.0,-0.168327,-0.083667,EGM7F5T043
growatt,2025-09-23,2025-09-23T05:30:00,2025-09-23T06:00:00,0.108875,0.0,-0.19506,-0.086,EGM7F5T043
growatt,2025-09-23,2025-09-23T06:00:00,2025-09-23T06:30:00,0.118758,0.004308,-0.200828,-0.086,EGM7F5T043
growatt,2025-09-23,2025-09-23T06:30:00,2025-09-23T07:00:00,0.117742,0.022683,-0.110007,-0.015258,EGM7F5T043
growatt,2025-09-23,2025-09-23T07:00:00,2025-09-23T07:30:00,0.131442,0.056917,-0.074948,0.0,EGM7F5T043
growatt,2025-09-23,2025-09-23T07:30:00,2025-09-23T08:00:00,0.351975,0.091283,-0.260613,0.0,EGM7F5T043
growatt,2025-09-23,2025-09-23T08:00:00,2025-09-23T08:30:00,0.109542,0.114417,0.005138,0.0,EGM7F5T043
growatt,2025-09-23,2025-09-23T08:30:00,2025-09-23T09:00:00,0.094942,0.2951,0.200902,0.0,EGM7F5T043
growatt,2025-09-23,2025-09-23T09:00:00,2025-09-23T09:30:00,0.133017,0.637867,0.506112,0.000667,EGM7F5T043
growatt,2025-09-23,2025-09-23T09:30:00,2025-09-23T10:00:00,0.18405,0.942875,0.752582,-0.0035,EGM7F5T043
growatt,2025-09-23,2025-09-23T10:00:00,2025-09-23T10:30:00,0.248808,0.724183,0.482662,0.001,EGM7F5T043
growatt,2025-09-23,2025-09-23T10:30:00,2025-09-23T11:00:00,1.013583,0.899267,-0.041015,0.07545,EGM7F5T043
growatt,2025-09-23,2025-09-23T11:00:00,2025-09-23T11:30:00,0.359933,1.118358,0.797555,0.040883,EGM7F5T043
growatt,2025-09-23,2025-09-23T11:30:00,2025-09-23T12:00:00,0.167742,1.284883,1.114595,0.002667,EGM7F5T043
growatt,2025-09-23,2025-09-23T12:00:00,2025-09-23T12:30:00,0.195108,1.268783,1.07942,0.006333,EGM7F5T043
growatt,2025-09-23,2025-09-23T12:30:00,2025-09-23T13:00:00,0.78805,1.366225,0.588342,0.00785,EGM7F5T043
growatt,2025-09-23,2025-09-23T13:00:00,2025-09-23T13:30:00,0.243108,1.268392,1.010595,-0.016683,EGM7F5T043
growatt,2025-09-23,2025-09-23T13:30:00,2025-09-23T14:00:00,0.199217,0.981733,0.583678,-0.193575,EGM7F5T043
growatt,2025-09-23,2025-09-23T14:00:00,2025-09-23T14:30:00,0.209464,1.181467,0.020963,-0.961458,EGM7F5T043
growatt,2025-09-23,2025-09-23T14:30:00,2025-09-23T15:00:00,0.198831,0.656542,-0.0045,-0.462044,EGM7F5T043
growatt,2025-09-23,2025-09-23T15:00:00,2025-09-23T15:30:00,1.173694,0.597619,-0.534859,0.040689,EGM7F5T043
growatt,2025-09-23,2025-09-23T15:30:00,2025-09-23T16:00:00,0.110061,0.538389,0.430637,0.001667,EGM7F5T043
growatt,2025-09-23,2025-09-23T16:00:00,2025-09-23T16:30:00,1.3204,0.452603,-0.854219,0.013333,EGM7F5T043
growatt,2025-09-23,2025-09-23T16:30:00,2025-09-23T17:00:00,1.341297,0.37345,-0.948181,0.02,EGM7F5T043
growatt,2025-09-23,2025-09-23T17:00:00,2025-09-23T17:30:00,1.808953,0.286269,-1.293543,0.229667,EGM7F5T043
growatt,2025-09-23,2025-09-23T17:30:00,2025-09-23T18:00:00,0.158378,0.147328,-0.008807,0.001667,EGM7F5T043
growatt,2025-09-23,2025-09-23T18:00:00,2025-09-23T18:30:00,0.634247,0.212664,-0.342755,0.079167,EGM7F5T043
growatt,2025-09-23,2025-09-23T18:30:00,2025-09-23T19:00:00,0.403528,0.055133,-0.348394,0.0,EGM7F5T043
growatt,2025-09-23,2025-09-23T19:00:00,2025-09-23T19:30:00,0.113606,0.018347,-0.09555,-0.000489,EGM7F5T043
growatt,2025-09-23,2025-09-23T19:30:00,2025-09-23T20:00:00,0.107425,0.001469,-0.189493,-0.083364,EGM7F5T043
growatt,2025-09-23,2025-09-23T20:00:00,2025-09-23T20:30:00,0.155683,0.0,-0.246305,-0.090228,EGM7F5T043
growatt,2025-09-23,2025-09-23T20:30:00,2025-09-23T21:00:00,0.163378,0.0,-0.255347,-0.091969,EGM7F5T043
growatt,2025-09-23,2025-09-23T21:00:00,2025-09-23T21:30:00,0.138969,0.0,-0.227364,-0.088303,EGM7F5T043
growatt,2025-09-23,2025-09-23T21:30:00,2025-09-23T22:00:00,0.199606,0.0,-0.298772,-0.099167,EGM7F5T043
growatt,2025-09-23,2025-09-23T22:00:00,2025-09-23T22:30:00,0.130075,0.0,-0.217087,-0.086856,EGM7F5T043
growatt,2025-09-23,2025-09-23T22:30:00,2025-09-23T23:00:00,0.166967,0.0,-0.260097,-0.093067,EGM7F5T043
growatt,2025-09-23,2025-09-23T23:00:00,2025-09-23T23:30:00,0.126367,0.0,-0.214133,-0.087767,EGM7F5T043
growatt,2025-09-23,2025-09-23T23:30:00,2025-09-24T00:00:00,0.084467,0.0,-0.16588,-0.0812,EGM7F5T043
